"SID","lat","lon","elev","name"
1001,70.9331,-8.6667,9.4,"JAN MAYEN"
1004,78.9167,11.9331,8,"NY-ALESUND II"
1010,69.3072,16.1308,13.1,"ANDOYA"
1028,74.5167,19.0047,18,"BJORNOYA"
1241,63.7003,9.6011,8.53,"ORLAND III"
1400,56.5,3.2,48.8,"EKOFISK"
1415,58.8842,5.6369,8.83,"STAVANGER/SOLA"
1492,59.9422,10.72,96.6,"OSLO-BLINDERN"
2185,65.5433,22.1144,34,"LULEA-KALLAX"
2365,62.5317,17.4361,3.9,"SUNDSVALL HARNOSAND"
2591,57.65,18.35,47,"VISBY AEROLOGISKA STATION"
2836,67.3667,26.6333,179,"SODANKYLA"
2963,60.8167,23.5,103,"JOKIOINEN"
3005,60.1392,-1.1847,82,"LERWICK"
3023,57.3575,-7.385,4,"SOUTH UIST RANGE"
3238,55.0197,-1.8817,142,"ALBEMARLE"
3354,53.0056,-1.2511,117,"NOTTINGHAM, WATNALL"
3502,52.1394,-4.5711,133,"ABERPORTH"
3743,51.2017,-1.8058,132,"LARKHILL"
3808,50.2183,-5.3275,87,"CAMBORNE"
3882,50.8994,0.3169,52,"HERSTMONCEUX, WEST END"
3918,54.5000,-6.3333,18.00,"CASTOR BAY"
3953,51.9381,-10.2433,25,"VALENTIA OBSERVATORY"
4018,63.9747,-22.5876,47.00,"KEFLAVIKURFLUGVOLLUR"
4220,68.7081,-52.8517,41,"AASIAAT (EGEDESMINDE)"
4270,61.1667,-45.4167,31,"MITTARFIK NARSARSUAQ"
4320,76.7694,-18.6681,12,"DANMARKSHAVN"
4339,70.4844,-21.9511,71.46,"ITTOQQORTOORMIIT (SCORESBYSUND)"
4360,65.6111,-37.6367,55.93,"TASIILAQ (AMMASSALIK)"
4417,72.5803,-38.4586,3255,"GEOSUMMIT"
6011,62.0231,-6.7647,55.86,"TORSHAVN"
6060,56.2933,9.1139,53,"FLYVESTATION KARUP"
6260,52.0989,5.1797,3.5,"DE BILT AWS"
6458,50.75,4.7667,127,"BEAUVECHAIN"
6610,46.8117,6.9425,490.49,"PAYERNE"
7110,48.4442,-4.4119,95,"BREST-GUIPAVAS"
7145,48.7744,2.0097,174,"TRAPPES"
7510,44.8308,-0.6914,54,"BORDEAUX MERIGNAC"
7645,43.8569,4.4064,62,"NIMES-COURBESSAC"
7761,41.9181,8.7928,9,"AJACCIO"
8001,43.3672,-8.4194,67,"LA CORUNA"
8023,43.4917,-3.7997,59,"SANTANDER"
8190,41.3844,2.1181,91,"BARCELONA SERVEI"
8221,40.4667,-3.5556,582,"MADRID/BARAJAS"
8302,39.61,2.71,41,"MALLORCA-SON BONET"
8383,37.28,-6.9097,20,"HUELVA"
8430,38.0028,-1.1694,62,"MURCIA"
8508,38.7678,-27.0856,72,"LAJES (ACORES)"
8522,32.6333,-16.9,56,"FUNCHAL"
10035,54.5289,9.5494,43,"SCHLESWIG"
10113,53.7139,7.1525,15.6,"NORDERNEY"
10184,54.0978,13.4075,6.3,"GREIFSWALD"
10238,52.8167,9.9333,77.56,"BERGEN"
10304,52.7333,7.3333,41.1,"MEPPEN"
10393,52.2097,14.1203,103.8,"LINDENBERG"
10410,51.4056,6.9686,149.8,"ESSEN-BREDENEY"
10548,50.5625,10.3772,452.6,"MEININGEN"
10618,49.7,7.3333,377,"IDAR-OBERSTEIN"
10739,48.8292,9.2011,317.5,"STUTTGART/SCHNARRENBERG"
10771,49.4289,11.9022,418.08,"KUEMMERSBRUCK"
10868,48.25,11.55,489,"MUENCHEN-OBERSCHLEIBSHEIM"
10954,47.8364,10.8722,756.67,"ALTENSTADT"
10962,47.8019,11.0119,985.5,"HOHENPEISSENBERG"
11010,48.24,14.1911,313,"LINZ/HOERSCHING-FLUGHAFEN"
11035,48.2486,16.3564,200,"WIEN/HOHE WARTE"
11120,47.2575,11.3536,593,"INNSBRUCK-FLUGHAFEN"
11240,46.9883,15.4417,363,"GRAZ-THALERHOF-FLUGHAFEN"
11520,50.0081,14.4469,303.7,"PRAHA-LIBUS"
11747,49.45,17.1333,216,"PROSTEJOV"
11952,49.0333,20.3167,703,"POPRAD-GANOVCE"
12120,54.7536,17.5347,5.92,"LEBA"
12374,52.4078,20.9564,96.2,"LEGIONOWO"
12425,51.1131,16.8811,119.55,"WROCLAW I"
12843,47.4333,19.1833,139,"BUDAPEST/PESTSZENTLORINC"
12982,46.25,20.1,83,"SZEGED"
13275,44.7667,20.4167,203,"BEOGRAD/KOSUTNJAK"
14015,46.0656,14.5122,297.5,"LJUBLJANA/BEZIGRAD"
14240,45.8219,16.0336,127.62,"ZAGREB/MAKSIMIR"
14430,44.0969,15.3403,79,"ZADAR RS"
15420,44.5106,26.0781,91,"BUCURESTI BANEASA"
15614,42.65,23.3833,591,"SOFIA (OBSERV.)"
16113,44.5392,7.6125,386,"CUNEO-LEVALDIGI RDS"
16144,44.6539,11.6225,12,"S. PIETRO CAPOFIUME RDS"
16245,41.6556,12.4481,21.5,"PRATICA DI MARE"
16429,37.9142,12.4914,9.3,"TRAPANI BIRGI"
16546,39.3461,8.9675,24,"DECIMOMANNU"
16622,40.5167,22.9667,4,"THESSALONIKI (AIRPORT)"
16716,37.7333,23.7333,10,"ATHINAI AP HELLINIKON"
16754,35.3333,25.1833,39,"HERAKLION (AIRPORT)"
17030,41.2833,36.3,4,"SAMSUN"
17064,40.9000,29.1500,18.00,"ISTANBUL BOLGE (KARTAL)"
17095,39.9,41.2833,1869,"ERZURUM BOLGE"
17220,38.4333,27.1667,29,"IZMIR/GUZELYALI"
17240,37.75,30.55,997,"ISPARTA"
17351,36.9833,35.35,27,"ADANA/BOLGE"
17607,35.1408,33.3964,162,"ATHALASSA"
20046,80.6264,58.0589,24.66,"POLARGMO IM. E.T. KRENKELJA"
20292,77.7131,104.2919,15,"GMO IM.E.K. FEDOROVA"
20674,73.5136,80.4064,46.37,"OSTROV DIKSON"
20744,72.3744,52.7161,14.7,"MALYE KARMAKULY"
21432,76,137.8667,14.9,"OSTROV KOTEL'NYJ"
21824,71.5833,128.9167,7,"TIKSI"
21946,70.6167,147.8833,61,"CHOKURDAH"
22217,67.1692,32.3542,25.4,"KANDALAKSHA"
22271,67.8767,44.1742,8,"SHOJNA"
22522,64.95,34.65,8,"KEM'"
22543,64.6247,40.5114,6.03,"ARHANGEL'SK"
22820,61.8167,34.2667,111,"PETROZAVODSK"
22845,61.5067,38.9347,126,"KARGOPOL'"
23078,69.3472,88.2639,64.6,"NORIL'SK"
23205,67.625,53.0175,11.75,"NAR'JAN-MAR"
23415,65.1167,57.1000,58.00,"PECHORA"
23472,65.7944,87.9889,37.84,"TURUHANSK"
23802,61.6767,50.7806,117.00,"SYKTYVKAR"
23921,60.6833,60.45,94.16,"IVDEL'"
23933,61.0278,69.1189,44.31,"HANTY-MANSIJSK"
23955,60.4333,77.8667,48.53,"ALEKSANDROVSKOE"
24266,67.5667,133.4,136.24,"VERHOJANSK"
24343,66.7667,123.4,92.36,"ZHIGANSK"
24507,64.2694,100.2167,190.73,"TURA"
24641,63.7833,121.6167,110.89,"VILJUJSK"
24688,63.25,143.15,739.5,"OJMJAKON"
24726,62.5333,113.8667,357.22,"MIRNVY"
24908,60.3361,102.2944,260.28,"VANAVARA"
24959,62.0167,129.7167,100.72,"JAKUTSK"
25123,68.75,161.2833,28,"CHERSKIJ"
25703,62.9167,152.4167,210.06,"SEJMCHAN"
25913,59.55,150.7833,116.18,"MAGADAN"
26038,59.3981,24.6028,34.42,"TALLINN-HARKU"
26298,57.8833,34.0333,186.5,"BOLOGOE"
26435,56.6425,25.1283,80.83,"SKRIVERI"
26477,56.35,30.6167,103,"VELIKIE LUKI"
26629,54.8833,23.835,76.99,"KAUNAS"
26781,54.75,32.0667,238,"SMOLENSK"
27038,59.3181,39.9256,133.02,"VOLOGDA"
27199,58.5667,49.5667,158.38,"KIROV"
27459,56.2667,44,157.3,"NIZHNIJ NOVGOROD"
27707,54.1,35.35,238,"SUHINICHI"
27730,54.6333,39.7,156.9,"RYAZAN'"
28225,57.9583,56.1972,170,"PERM'"
28275,58.15,68.25,46.99,"TOBOL'SK"
28445,56.7333,61.0667,287.72,"EKATERINBURG (VERHNEE DUBROVO)"
28661,55.4656,65.4175,73.9,"KURGAN (VORONOVKA)"
29231,58.3167,82.95,75.12,"KOLPASEVO"
29263,58.4528,92.2028,78.98,"ENISEJSK"
29282,58.3833,97.45,133.6,"BOGUCANY"
29634,55.0889,82.9,175.87,"NOVOSIBIRSK"
29839,53.5,83.8333,145,"BARNAUL"
29862,53.7667,91.3167,255.68,"ABAKAN"
30054,59.45,112.5833,190,"VITIM"
30230,57.7667,108.0667,258.52,"KIRENSK"
30372,56.9,118.2667,710.6,"CHARA"
30635,53.4167,109.0167,460.5,"UST'-BARGUZIN"
30758,52.0833,113.4833,670.6,"CHITA"
30965,50.4,116.5167,675.6,"BORZYA"
31004,58.6167,125.3667,679.14,"ALDAN"
31088,59.3667,143.2,5.6,"OHOTSK"
31300,53.7414,127.2764,230,"ZEJA"
31369,53.15,140.7,66.8,"NIKOLAEVSK-NA-AMURE"
31510,50.2833,127.4833,169,"BLAGOVESCENSK"
31736,48.5333,135.2333,72,"HABAROVSK"
32098,49.2167,143.1,8,"PORONAJSK"
32150,46.95,142.7167,24,"JUZHNO-SAHALINSK"
32477,54.3,155.9167,25,"SOBOLEVO"
32540,53.0833,158.5833,83.9,"PETROPAVLOVSK-KAMCHATSKIJ"
34009,51.7667,36.1667,247.25,"KURSK"
34122,51.65,39.25,104,"VORONEZ"
34247,50.4167,41.05,91.8,"KALACH"
34467,48.7833,44.3333,141.00,"VOLGOGRAD"
34731,47.25,39.8167,78,"ROSTOV-NA-DONU"
34858,45.9167,43.35,86.41,"DIVNOE"
36096,51.7103,94.4917,632.03,"KYZYL"
37011,44.1000,39.0333,94.63,"TUAPSE"
37055,44.2167,43.1000,312.56,"MINERAL'NYE VODY"
37259,43.0167,47.4833,-19,"MAHACHKALA"
37860,40.5333,50,28,"MASHTAGA"
40179,32,34.8167,35,"BET DAGAN"
40186,31.8667,34.6833,20,"ASHDOD NORTH"
40373,28.3167,46.1333,358,"AL-QAISUMAH"
40375,28.3833,36.6,768,"TABUK"
40394,27.4333,41.6833,1002,"HAIL"
40417,26.45,49.8167,12,"K.F.I.A. (KING FAHAD INT. AIRPORT) DAMMAM"
40430,24.55,39.7,636,"AL-MADINAH"
40437,24.9333,46.7167,614,"KING KHALED INT. AIRPORT"
40650,33.3,44.4,32,"BAGHDAD INT. AIRPORT"
40706,38.0833,46.2833,1361,"TABRIZ"
40745,36.2667,59.6333,999,"MASHHAD"
40754,35.6833,51.3167,1191,"TEHRAN-MEHRABAD"
40766,34.35,47.15,1319,"KERMANSHAH"
40800,32.4667,51.6667,1550,"ESFAHAN"
40809,32.8667,59.2,1491,"BIRJAND"
40811,31.3333,48.6667,22,"AHWAZ"
40841,30.25,56.9667,1754,"KERMAN"
40848,29.5333,52.6,1484,"SHIRAZ"
40856,29.4667,60.8833,1370,"ZAHEDAN"
40875,27.2167,56.3667,10,"BANDARABBASS"
41024,21.7,39.1833,17,"JEDDAH (KING ABDUL AZIZ INT. AIRPORT)"
41112,18.2333,42.65,2093,"ABHA"
41217,24.4333,54.65,27,"ABU DHABI INTER. AIRPORT"
41256,23.5833,58.2833,15,"SEEB, INT'L AIRPORT"
41316,17.0333,54.0833,23,"SALALAH"
41640,31.55,74.3333,215,"LAHORE CITY"
41675,30.2,71.4333,123,"MULTAN"
41780,24.9,67.1333,22,"KARACHI AIRPORT"
41883,24.85,89.3667,20,"BOGRA"
41923,23.7667,90.3833,9,"DHAKA"
41977,22.35,91.8167,34,"CHITTAGONG (AMBAGAN)"
42027,34.0833,74.8333,1587,"SRINAGAR"
42101,30.3333,76.4667,252,"PATIALA"
42182,28.5833,77.2,216,"NEW DELHI/SAFDARJUNG"
42314,27.4833,95.0167,111,"DIBRUGARH /MOHANBARI"
42339,26.3,73.0167,221,"JODHPUR"
42348,26.8167,75.8,390,"JAIPUR / SANGANER"
42361,26.2333,78.25,207,"GWALIOR"
42379,26.75,83.3667,77.4,"GORAKHPUR"
42410,26.1,91.5833,72.1,"GUWAHATI"
42492,25.6,85.1667,57,"PATNA"
42647,23.0667,72.6333,56.4,"AHMADABAD"
42724,23.8833,91.25,38.5,"AGARTALA"
42809,22.65,88.45,6.1,"KOLKATA/DUM DUM"
42867,21.1,79.05,310,"NAGPUR SONEGAON"
42971,20.25,85.8333,49.4,"BHUBANESHWAR"
43003,19.1167,72.85,14.6,"BOMBAY / SANTACRUZ"
43014,19.85,75.4,585,"AURANGABAD CHIKALTHANA AERODROME"
43041,19.0833,82.0333,554,"JAGDALPUR"
43128,17.45,78.4667,535,"HYDERABAD AIRPORT"
43150,17.6833,83.3,69.9,"VISHAKHAPATNAM/WALTAIR"
43185,16.2,81.15,9.77,"MACHILIPATNAM/FRANCHPET"
43279,13,80.1833,15.5,"CHENNAI/MINAMBAKKAM"
43295,12.9667,77.5833,923,"BANGALORE"
43346,10.9167,79.8333,6.35,"KARAIKAL"
43369,8.3,73.15,1.83,"MINICOY"
43371,8.4833,76.95,64.3,"THIRUVANANTHAPURAM"
43466,6.9,79.8667,7,"COLOMBO"
44212,49.8,92.0833,939,"ULAANGOM"
44231,49.6333,100.1667,1283,"MUREN"
44292,47.9167,106.8667,1729,"ULAANBAATAR (CTBT)"
44373,43.5833,104.4167,1465,"DALANZADGAD"
45004,22.3119,114.1728,66.4,"KOWLOON"
47102,37.9661,124.6306,146.21,"BAENGNYEONGDO"
47138,36.0325,129.3797,3.58,"POHANG"
47169,34.6872,125.4511,77.84,"HEUKSANDO"
47401,45.4156,141.6786,11.7,"WAKKANAI"
47412,43.06,141.3286,26.2,"SAPPORO"
47582,39.7175,140.0992,21.8,"AKITA"
47600,37.3914,136.8953,6.7,"WAJIMA"
47646,36.0581,140.1258,30.93,"TATENO"
47678,33.1222,139.7794,156.14,"HACHIJOJIMA"
47741,35.45,133.0667,22.5,"MATSUE"
47778,33.4503,135.7572,69.2,"SHIONOMISAKI"
47807,33.5822,130.3764,15.03,"FUKUOKA"
47827,31.55,130.55,31.7,"KAGOSHIMA"
47909,28.3833,129.5,8.2,"NAZE"
47918,24.3333,124.1667,14.87,"ISHIGAKIJIMA"
47945,25.8333,131.2333,20.7,"MINAMIDAITOJIMA"
47971,27.1,142.1833,8.3,"CHICHIJIMA"
47991,24.2833,153.9833,8.5,"MINAMITORISHIMA"
48327,18.7706,98.9683,314,"CHIANG MAI"
48407,15.25,104.8667,123.5,"UBON RATCHATHANI"
48453,13.6664,100.6061,2.62,"BANGNA AGROMET"
48480,12.6094,102.1039,3.6,"CHANTHA BURI"
48551,9.1342,99.1519,6.95,"SURAT THANI"
48565,8.145,98.3144,8.66,"PHUKET AIRPORT"
48568,7.1819,100.6075,6.56,"SONGKHLA"
48601,5.3,100.2667,4,"PENANG/BAYAN LEPAS"
48615,6.1667,102.2833,5,"KOTA BHARU"
48650,2.7167,101.7,17,"KUALA LUMPUR INTERNATIONAL AIRPORT (KLIA)"
48657,3.7833,103.2167,16,"KUANTAN"
48698,1.3667,103.9833,16,"SINGAPORE/CHANGI AIRPORT"
48820,21.0333,105.8,6,"HA NOI"
48839,20.1333,107.7167,56,"BACH LONG VI"
48855,16.0667,108.35,7,"DA NANG"
48900,10.8167,106.6667,5,"TAN SON HOA"
50527,49.25,119.7,650.4,"HAILAR"
50557,49.1667,125.2333,243,"NENJIANG"
50774,47.7167,128.9,232,"YICHUN"
50953,45.75,126.7667,143,"HARBIN"
51777,39.0333,88.1667,889,"RUOQIANG"
51839,37.0667,82.7167,1409,"MINFENG"
52203,42.8167,93.5167,739,"HAMI"
52267,41.95,101.0667,941,"EJIN QI"
52418,40.15,94.6833,1140,"DUNHUANG"
52681,38.6333,103.0833,1369,"MINQIN"
52866,36.6167,101.7667,2296,"XINING"
53513,40.7333,107.3667,1042,"LINHE"
53614,38.4667,106.2,1112,"YINCHUAN"
53915,35.55,106.6667,1348,"PINGLIANG"
54135,43.6,122.2667,180,"TONGLIAO"
54161,43.9,125.2167,238,"CHANGCHUN"
54292,42.8667,129.5,258,"YANJI"
54662,38.9,121.6333,97,"DALIAN"
56029,33,96.9667,3717.7,"YUSHU"
56146,31.6167,100,3394,"GARZE"
56739,25.1167,98.4833,1649,"TENGCHONG"
56964,22.7667,100.9833,1303,"SIMAO"
57461,30.7,111.3,134,"YICHANG"
57749,27.5667,110,261,"HUAIHUA"
57957,25.3333,110.3,166,"GUILIN"
57972,25.8,113.0333,185,"CHENZHOU"
58633,28.9667,118.8667,71,"QU XIAN"
58665,28.6167,121.4167,2,"HONGJIA"
58847,26.0833,119.2833,85,"FUZHOU"
59211,23.9,106.6,177,"BAISE"
59316,23.4,116.6833,3,"SHANTOU"
59758,20,110.25,64,"HAIKOU"
59981,16.8333,112.3333,5,"XISHA DAO"
60018,28.3183,-16.3822,111,"TENERIFE-GUIMAR"
60155,33.5667,-7.6667,57,"CASABLANCA"
60191,32.3667,-6.4,472,"BENI-MELLAL"
60390,36.6833,3.2167,29,"DAR-EL-BEIDA"
60571,31.5,-2.25,816,"BECHAR"
60630,27.2333,2.5,269,"IN-SALAH"
60656,27.7,-8.1667,439,"TINDOUF"
60680,22.8,5.4333,1364,"TAMANRASSET"
60715,36.8333,10.2333,4,"TUNIS-CARTHAGE"
61024,16.9667,7.9833,502,"AGADEZ"
61052,13.4833,2.1667,227,"NIAMEY-AERO"
61901,-15.9419,-5.6672,436,"ST. HELENA IS."
61980,-20.8925,55.5286,13,"SAINT-DENIS/GILLOT (REUNION)"
61998,-49.3522,70.2433,30,"PORT-AUX-FRANCAIS (ILES KERGUELEN)"
62306,31.3253,27.2217,30,"MERSA MATRUH"
62378,29.8628,31.3492,140.7,"HELWAN"
62403,26.2003,32.7467,77.3,"SOUTH OF VALLEY UNIVERSITY"
62414,23.9644,32.82,194,"ASSWAN"
63741,-1.3036,36.7597,1798.32,"DAGORETTI CORNER"
63985,-4.6833,55.5167,4,"SEYCHELLES INTER. AIRPORT (RAWINSONDE STATION)"
64400,-4.8167,11.9,17,"POINTE-NOIRE"
65503,12.35,-1.5167,306,"OUAGADOUGOU"
65548,7.3833,-7.5167,340,"MAN"
65578,5.25,-3.9333,8,"ABIDJAN"
66160,-8.85,13.2333,70,"LUANDA"
68263,-25.91,28.2111,1526,"PRETORIA (IRENE)"
68442,-29.1,26.3,1353,"BLOEMFONTEIN AIRPORT"
68592,-29.6017,31.13,109,"KING SHAKA INT'L AIRPORT"
68816,-33.97,18.6,42,"CAPE TOWN INTNL. AIRPORT"
68842,-33.9844,25.6108,63,"PORT ELIZABETH"
70026,71.2889,-156.7833,11.9,"BARROW/W. POST W. ROGERS"
70133,66.8864,-162.6133,5,"KOTZEBUE, RALPH WIEN"
70200,64.5117,-165.4361,11.6,"NOME, AK"
70219,60.7778,-161.8439,44.2,"BETHEL/BETHEL AIRPORT, AK"
70231,62.9583,-155.5978,103,"MCGRATH, AK"
70261,64.8161,-147.8767,135.3,"FAIRBANKS/INT., AK"
70273,61.1561,-149.9842,43.8,"ANCHORAGE/INT., AK"
70308,57.15,-170.2167,9.1,"ST. PAUL ISLANDS, AK"
70316,55.2011,-162.7164,32,"COLD BAY, AK"
70326,58.6811,-156.6514,16.1,"KING SALMON, AK"
70350,57.7464,-152.4933,33.8,"KODIAK, AK"
70361,59.5167,-139.6667,13.1,"YAKUTAT, AK"
70398,55.0389,-131.5778,35.4,"ANNETTE ISLAND, AK"
70414,52.7167,174.1,31,"SHEMYA AFB"
71043,65.2825,-126.8003,72.54,"NORMAN WELLS A, NWT"
71081,68.7758,-81.2425,9.1,"HALL BEACH A, NU"
71082,82.5167,-62.2667,28,"ALERT, NU"
71109,50.6803,-127.3661,21.6,"PORT HARDY A, BC"
71119,53.5475,-114.1083,766.3,"EDMONTON STONY PLAIN, ALTA"
71603,43.8308,-66.0886,43,"YARMOUTH A, NS"
71722,46.3019,-76.0061,187.97,"MANIWAKI UA, QUE"
71802,47.5167,-52.7833,112.45,"ST JOHN'S WEST UA, NFLD"
71811,50.2167,-66.25,54.68,"SEPT-ILES UA, QUE"
71815,48.5333,-58.55,24.7,"STEPHENVILLE A, NFLD"
71816,53.3167,-60.4167,48.8,"GOOSE A, NFLD"
71823,53.75,-73.6833,306.3,"LA GRANDE IV, QUE"
71845,51.4464,-90.2142,386.2,"PICKLE LAKE A, ONT"
71867,53.9667,-101.1,270.36,"THE PAS A, MAN"
71906,58.1,-68.4167,39.3,"KUUJJUAQ A, QUE"
71907,58.4667,-78.0833,25.3,"INUKJUAK A, QUE"
71908,53.9,-122.79,600.54,"PRINCE GEORGE UA, BC"
71909,63.75,-68.55,33.5,"IQALUIT A, NU"
71913,58.7392,-94.0664,29.26,"CHURCHILL A, MAN"
71917,79.9833,-85.9333,10.4,"EUREKA, NU"
71924,74.7169,-94.9694,67.68,"RESOLUTE CARS, NU"
71925,69.1081,-105.1383,27.4,"CAMBRIDGE BAY A, NU"
71926,64.2989,-96.0778,18.6,"BAKER LAKE A, NU"
71934,60.0203,-111.9619,204.52,"FORT SMITH A, NWT"
71945,58.8364,-122.5972,381.9,"FORT NELSON A, BC"
71957,68.3,-133.4833,68.3,"INUVIK AWOS A, NWT"
71964,60.7094,-135.0689,706.2,"WHITEHORSE A, YT"
72201,24.5522,-81.7575,4.7,"KEY WEST/INT., FL"
72202,25.75,-80.3833,5,"MIAMI, FL"
72206,30.4839,-81.7011,10.9,"JACKSONVILLE/INTNL.,  FL."
72208,32.895,-80.0275,14.3,"CHARLESTON/MUN., SC."
72210,27.7053,-82.4006,14.8,"TAMPA BAY AREA, FL."
72215,33.5267,-84.5678,256.6,"PEACHTREE CITY, GA."
72221,30.4833,-86.5167,29,"VALPARAISO/EGLIN AFB, FL."
72230,33.1789,-86.7822,175.2,"BIRMINGHAM, AL"
72233,30.3369,-89.825,10.9,"SLIDELL/MUN. LA"
72235,32.3189,-90.08,91.1,"JACKSON/ALLEN C. THOMPSON FIELD, MS."
72240,30.1253,-93.2161,5.9,"LAKE CHARLES/MUN.,  LA."
72248,32.4511,-93.8414,85.3,"SHREVEPORT/REG., LA."
72249,32.835,-97.2986,198.9,"FORT WORTH, TX."
72250,25.9167,-97.4192,7.8,"BROWNSVILLE/INT., TX"
72251,27.7789,-97.5056,15.3,"CORPUS CHRISTI/INT.,  TX."
72261,29.3744,-100.9183,314.7,"DEL RIO/INT., TX."
72265,31.9425,-102.1892,874.1,"MIDLAND/MIDLAND REG. AIR TERM., TX."
72274,32.2278,-110.9558,747.4,"TUCSON, AZ."
72293,32.8333,-117.1167,133.5,"SAN DIEGO/MIRAMAR,  NAS, CA."
72305,34.7761,-76.8767,10.8,"NEWPORT, NC."
72317,36.0981,-79.9428,277.1,"GREENSBORO/G.-HIGH PT., NC."
72318,37.2039,-80.4142,641.9,"BLACKSBURG, VA."
72327,36.2333,-86.55,173,"NASHVILLE/METROPOLITAN, TN."
72340,34.835,-92.2594,173.1,"LITTLE ROCK/ADAMS FLD,  AR."
72357,35.1808,-97.4378,345,"NORMAN/MAX WESTHEIMER A, OK."
72363,35.2331,-101.7092,1095,"AMARILLO/INTL., TX."
72364,31.8728,-106.6981,1254,"SANTA TERESA, NM."
72365,35.0378,-106.6219,1619,"ALBUQUERQUE/INT., NM."
72376,35.23,-111.8217,2181,"FLAGSTAFF, AZ"
72381,34.9167,-117.9,705,"EDWARDS AFB, CA."
72393,34.75,-120.5667,121,"VANDENBERG AFB, CA."
72402,37.9333,-75.4833,12.2,"WALLOPS ISLAND, VA."
72403,38.95,-77.45,98,"WASHINGTON/DULLES INT., VA."
72426,39.4214,-83.8217,323.3,"WILMINGTON, OH."
72440,37.2347,-93.4014,390.1,"SPRINGFIELD/MUN., MO."
72451,37.7614,-99.9686,789.7,"DODGE CITY/MUN., KS."
72456,39.0722,-95.6306,268.6,"TOPEKA/MUN., KS."
72476,39.12,-108.525,1473,"GRAND JUNCTION/WALKER FIELD, CO."
72489,39.5681,-119.7967,1515,"RENO, NV."
72493,37.7444,-122.2236,4.2,"OAKLAND/METROP. OAKLAND INT., CA."
72501,40.8656,-72.8647,26.2,"UPTON, NY."
72518,42.75,-73.8,89,"ALBANY COUNTY AIRPORT,  NY."
72520,40.5167,-80.2167,359,"PITTSBURGH/GREATER PITTSBURGH INT., PA."
72528,42.9411,-78.7189,217.9,"BUFFALO/GREATER BUFFALO INT., NY."
72558,41.32,-96.3669,351.5,"VALLEY, NE."
72562,41.1328,-100.7,848.4,"NORTH PLATTE/LEE BIRD, NE."
72572,40.7722,-111.9553,1289,"SALT LAKE CITY/INTNL UT."
72582,40.86,-115.7422,1595,"ELKO, NV."
72597,42.3769,-122.8822,398.9,"MEDFORD/MEDFORD-JACKSON COUNTY, OR."
72632,42.6975,-83.4711,321.3,"WHITE LAKE, MI."
72634,44.9075,-84.7189,448.4,"GAYLORD, MI."
72645,44.4986,-88.1119,209.6,"GREEN BAY/A.-STRAUBEL, WI."
72649,44.8497,-93.5647,287.9,"CHANHASSEN, MN."
72659,45.4556,-98.4133,399.6,"ABERDEEN/REG., SD."
72662,44.6667,-103.2,1030,"RAPID CITY/REGIONAL AIRPORT, SD."
72672,43.0653,-108.4772,1698,"RIVERTON, WY."
72681,43.5672,-116.2114,873.4,"BOISE/MUN., ID."
72694,44.9092,-123.0083,62.1,"SALEM/MCNARY, OR."
72712,46.8683,-68.0136,191,"CARIBOU/MUN., ME."
72747,48.5647,-93.3975,361.5,"INT.FALLS/FALLS INT. MN."
72764,46.7717,-100.7594,505.3,"BISMARCK/MUN., ND."
72768,48.2067,-106.6256,694.4,"GLASGOW/INT., MT."
72776,47.4614,-111.3847,1131,"GREAT FALLS, MT."
72786,47.6806,-117.6267,728.9,"SPOKANE, WA."
72797,47.9339,-124.5603,57.4,"QUILLAYUTE, WA."
74004,32.5,-114,231,"YUMA PROVING GROUNDS AZ."
74389,43.8925,-70.2542,118.2,"GRAY, ME."
74455,41.6114,-90.5817,230.5,"QUAD CITY, IA."
74560,40.1517,-89.3383,180.2,"LINCOLN, IL."
74794,28.4667,-80.55,0,"CAPE KENNEDY, FL."
76225,28.6667,-106.0333,1472,"CHIHUAHUA, CHIH."
76394,25.8667,-100.2333,448,"AEROP.INTERNACIONAL MONTERREY, N.L."
76405,24.1167,-110.3167,18,"LA PAZ, BCS"
76458,23.2167,-106.4,3,"COLONIA JUAN CARRASCO MAZATLAN, SIN."
76595,21.0167,-86.85,9,"CANCUN"
76612,20.7,-103.3833,1551,"GUADALAJARA, JAL."
76644,20.95,-89.65,11,"AEROP.INTERNACIONAL MERIDA, YUC"
76654,19.0667,-104.3333,3,"MANZANILLO, COL."
76679,19.4333,-99.1333,2235,"AEROP. INTERNACIONAL MEXICO, D.F."
76692,19.15,-96.1333,19,"HACIENDA YLANG YLANG VERACRUZ, VER."
76743,17.9833,-92.9333,6,"VILLAHERMOSA, TAB."
76805,16.75,-99.75,3,"ACAPULCO, GRO."
78016,32.3667,-64.6667,130,"BERMUDA INTERNATIONAL AIRPORT"
78384,19.2833,-81.35,3,"OWEN ROBERTS AIRPORT GRAND CAYMAN"
78397,17.9333,-76.7833,14,"KINGSTON/NORMAN MANLEY"
78486,18.4333,-69.8833,14,"SANTO DOMINGO"
78526,18.4317,-65.9919,3.6,"SAN JUAN/INT.,  PUERTO RICO"
78583,17.5333,-88.3,5,"BELIZE/PHILLIP GOLDSTON INTL. AIRPORT"
78807,8.9667,-79.5667,7,"COROZAL OESTE"
78897,16.2639,-61.5164,8,"LE RAIZET AERO"
78954,13.0667,-59.4833,56,"GRANTLEY ADAMS"
78970,10.6167,-61.35,15,"PIARCO INT. AIRPORT,  TRINIDAD"
78988,12.2,-68.9667,9,"HATO AIRPORT, CURACAO"
80001,12.5833,-81.7167,6,"SAN ANDRES (ISLA)/SESQUICENTENARIO"
80222,4.7,-74.15,2546,"BOGOTA/ELDORADO"
80398,-4.1667,-69.95,84,"LETICIA/VASQUEZ COBO"
81405,4.8222,-52.3653,9,"ROCHAMBEAU"
82022,2.8333,-60.7,140,"BOA VISTA (AERO)"
82026,2.2239,-55.9472,326,"TIRIOS"
82099,0.05,-51.0667,17,"MACAPA (AERO)"
82107,-0.1167,-66.9667,79,"SAO GABRIEL DA CACHOEIRA (AERO)"
82193,-1.3833,-48.4833,16,"BELEM (AERO)"
82244,-2.4333,-54.7167,72,"SANTAREM (AERO)"
82332,-3.15,-59.9833,84,"MANAUS (AERO)"
82400,-3.85,-32.4167,56,"FERNANDO DE NORONHA"
82411,-4.25,-69.9333,81,"TABATINGA (AERO)"
82532,-5.8167,-61.2833,53,"MANICORE (AERO)"
82599,-5.9167,-35.25,52,"NATAL (AERO)"
82705,-7.5833,-72.7667,199,"CRUZEIRO DO SUL (AERO)"
82824,-8.7667,-63.9167,102,"PORTO VELHO (AERO)"
82917,-10,-67.8,143,"RIO BRANCO (AERO)"
82965,-9.8667,-56.1,288,"ALTA FLORESTA (AERO)"
83208,-12.7,-60.1,612,"VILHENA (AERO)"
83362,-15.65,-56.1,187,"CUIABA (AERO)"
83378,-15.8667,-47.9333,1061,"BRASILIA (AERO)"
83525,-18.8833,-48.2167,943,"UBERLANDIA (AERO)"
83554,-19,-57.6667,142,"CORUMBA (AERO)"
83566,-19.6167,-43.9667,828,"CONFINS (AERO)"
83612,-20.4667,-54.6667,567,"CAMPO GRANDE (AERO)"
83649,-20.2667,-40.2833,4,"VITORIA (AERO)"
83768,-23.3333,-51.1333,569,"LONDRINA (AERO)"
83779,-23.5,-46.6333,722,"MARTE (AERO)"
83827,-25.5167,-54.5833,180,"FOZ DO IGUACU (AERO)"
83840,-25.5167,-49.1667,908,"CURITIBA (AERO)"
83899,-27.6667,-48.55,5,"FLORIANOPOLIS (AERO)"
83928,-29.7833,-57.0333,74,"URUGUAIANA (AERO)"
83937,-29.7167,-53.7,85,"SANTA MARIA (AERO)"
85442,-23.4503,-70.4408,113,"ANTOFAGASTA"
85586,-33.6547,-71.6144,73,"SANTO DOMINGO"
85799,-41.4347,-73.0975,84,"PUERTO MONTT"
85934,-53.0053,-70.8386,38,"PUNTA ARENAS"
87155,-27.45,-59.05,52,"RESISTENCIA AERO"
87344,-31.3167,-64.2167,474,"CORDOBA AERO"
87418,-32.8333,-68.7833,704,"MENDOZA AERO"
87623,-36.5667,-64.2667,191,"SANTA ROSA AERO"
87715,-38.95,-68.1333,271,"NEUQUEN AERO"
87860,-45.7833,-67.5,46,"COMODORO RIVADAVIA AERO"
88889,-51.82,-58.4481,74,"MOUNT PLEASANT AIRPORT"
89002,-70.6667,-8.25,50,"NEUMAYER"
89022,-75.5833,-26.7,33,"HALLEY"
89055,-64.2333,-56.7167,200,"BASE MARAMBIO (CENTRO MET. ANTARTICO)"
89062,-67.5703,-68.1236,33,"ROTHERA"
89532,-69.0053,39.5811,21.8,"SYOWA"
89564,-67.6017,62.8753,16,"MAWSON"
89571,-68.5744,77.9672,23.2,"DAVIS"
89611,-66.2825,110.5231,42.3,"CASEY"
89625,-75.1017,123.4119,3234,"CONCORDIA"
89642,-66.6631,140.0011,43,"DUMONT D'URVILLE"
89664,-77.85,166.6667,24,"MCMURDO"
91165,21.9933,-159.3467,31.7,"LIHUE, KAUAI, HAWAII"
91212,13.4767,144.7944,75.3,"WEATHER FORECAST OFFICE, GUAM, MARIANA IS."
91285,19.7183,-155.0583,10.4,"HILO HI, HAWAII"
91334,7.4539,151.8425,3.4,"WEATHER SERVICE OFFICE, CHUUK, ECI"
91348,6.9619,158.2067,37.8,"WEATHER SERVICE OFFICE, POHNPEI, CAROLINE IS."
91376,7.0864,171.3908,2.7,"MAJURO/MARSHALL IS. INTNL."
91408,7.3397,134.4886,29.9,"WEATHER SERVICE OFFICE, KOROR, PALAU WCI."
91413,9.4975,138.0814,14.9,"WEATHER SERVICE OFFICE, YAP, CAROLINE IS."
91592,-22.2761,166.4528,69,"NOUMEA (NLLE-CALEDONIE)"
91610,1.35,172.9167,4,"TARAWA"
91643,-8.5167,179.2167,2,"FUNAFUTI"
91680,-17.75,177.45,24,"NADI AIRPORT"
91765,-14.3383,-170.7192,4.9,"PAGO PAGO/INT.AIRP. AMERICAN SAMOA"
91925,-9.8061,-139.0356,53,"HIVA-OA"
91938,-17.5553,-149.6144,2,"TAHITI-FAAA"
91948,-23.1303,-134.9653,89,"MANGAREVA"
91958,-27.6183,-144.3347,2,"RAPA"
93112,-36.7928,174.6214,30.5,"WHENUAPAI"
93417,-40.9044,174.9839,7.86,"PARAPARAUMU AERODROME"
93844,-46.4178,168.3306,4.01,"INVERCARGILL AIRPORT"
94120,-12.4239,130.8925,35,"DARWIN AIRPORT"
94170,-12.6778,141.9208,19,"WEIPA AERO"
94203,-17.9475,122.2353,9,"BROOME AIRPORT"
94299,-16.2878,149.9653,9,"WILLIS ISLAND"
94302,-22.2406,114.0967,5.5,"LEARMONTH AIRPORT"
94312,-20.3725,118.6317,8.4,"PORT HEDLAND AIRPORT"
94326,-23.795,133.8889,547,"ALICE SPRINGS AIRPORT"
94332,-20.6778,139.4875,340.9,"MOUNT ISA AERO"
94403,-28.8044,114.6989,30.2,"GERALDTON AIRPORT"
94430,-26.6136,118.5372,519,"MEEKATHARRA AIRPORT"
94461,-25.0342,128.3011,599,"GILES METEOROLOGICAL OFFICE"
94510,-26.4139,146.2558,303.3,"CHARLEVILLE AERO"
94578,-27.3917,153.1292,9.5,"BRISBANE AERO"
94610,-31.9275,115.9764,20,"PERTH AIRPORT"
94637,-30.7847,121.4533,370.1,"KALGOORLIE-BOULDER AIRPORT"
94659,-31.1558,136.8053,168.5,"WOOMERA AERODROME"
94672,-34.9525,138.5203,8.2,"ADELAIDE AIRPORT"
94711,-31.4839,145.8294,263.6,"COBAR MO"
94767,-33.9464,151.1731,5,"SYDNEY AIRPORT AMO"
94802,-34.9414,117.8022,69,"ALBANY AIRPORT"
94821,-37.7472,140.7739,69,"MOUNT GAMBIER AERO"
94866,-37.6656,144.8322,118.8,"MELBOURNE AIRPORT"
94910,-35.1583,147.4572,213,"WAGGA WAGGA AMO"
94995,-31.5422,159.0786,7,"LORD HOWE ISLAND AERO"
94996,-29.0389,167.9408,116.7,"NORFOLK ISLAND AERO"
94998,-54.4994,158.9369,8.3,"MACQUARIE ISLAND"
95527,-29.4897,149.8472,218.5,"MOREE AERO"
96035,3.5667,98.6833,25,"MEDAN/POLONIA"
96147,3.95,108.3833,2,"RANAI"
96163,-0.8833,100.35,3,"PADANG/TABING"
96237,-2.1667,106.1333,33,"PANGKAL PINANG"
96315,4.9333,114.9333,15,"BRUNEI AIRPORT"
96413,1.4833,110.3333,27,"KUCHING"
96441,3.2,113.0333,5,"BINTULU"
96471,5.9333,116.05,3,"KOTA KINABALU"
96481,4.2667,117.8833,20,"TAWAU"
96749,-6.1167,106.65,8,"JAKARTA/SOEKARNO-HATTA"
96935,-7.3667,112.7667,3,"SURABAYA/JUANDA"
96996,-12.1833,96.8333,4,"COCOS ISLAND AERO"
97014,1.5333,124.9167,80,"MENADO/ SAM RATULANGI"
97072,-0.6833,119.7333,6,"PALU/MUTIARA"
97180,-5.0667,119.55,14,"UJUNG PANDANG/HASANUDDIN"
97372,-10.1667,123.6667,108,"KUPANG/ELTARI"
97560,-1.1833,136.1167,11,"BIAK/FRANS KAISIEPO"
97724,-3.7,128.0833,12,"AMBON/PATTIMURA"
97980,-8.4667,140.3833,3,"MERAUKE/MOPAH"
98223,18.1833,120.5333,5,"LAOAG"
98433,14.5667,121.3667,651,"TANAY"
98444,13.1333,123.7333,17,"LEGASPI"
98618,9.75,118.7333,15,"PUERTO PRINCESA"
98753,7.1167,125.65,18,"DAVAO AIRPORT"
